ID,TruncatedID,Mean,SD,AUC,Peak,MaxIndex,Halfpk,Skew,HHMean,Fat,Carb,Protein
2133-002_PB1,2133-002,0.24710648148148148,0.17258226780906,0.3704278249510124,0.1958762886597938,0.4722222222222222,0.8857142857142857,0.4713268896245147,0.23861386138613863,20.0,51,18
2133-022_PB1,2133-022,0.35108024691358025,0.3197840417746988,0.32021554539516656,0.34536082474226804,0.3888888888888889,0.6571428571428571,0.5504567330907868,0.25346534653465347,20.0,51,18
2133-020_PB1,2133-020,0.28896604938271603,0.12477872422288949,0.4051273677335075,0.18556701030927836,0.1111111111111111,0.8857142857142857,0.34849967253790237,0.2881188118811881,20.0,51,18
2133-004_Bar2,2133-004,0.4841820987654321,0.329473741457284,0.5685826257348139,0.4536082474226804,0.5555555555555556,0.8857142857142857,0.5781996857990921,0.3237623762376237,18.0,48,9
2133-010_CF2,2133-010,0.14454330632716045,0.13771407643739972,0.2217504898758981,0.11855670103092783,0.4444444444444444,0.7428571428571429,0.6047820787536161,0.14554455445544556,2.5,54,11
2133-010_CF1,2133-010,0.3296682098765432,0.23898595670745182,0.44007184846505554,0.34536082474226804,0.5,0.8857142857142857,0.7372911337611983,0.3039603960396039,2.5,54,11
2133-020_CF1,2133-020,0.3734567901234567,0.5177434536453192,0.47926192031352055,0.4948453608247423,0.4722222222222222,0.6857142857142857,0.6106429983663121,0.12277227722772274,2.5,54,11
2133-022_PB2,2133-022,0.298996913580247,0.42732052054336195,0.4156596995427825,0.3917525773195876,0.4166666666666667,0.6,0.6221136247371702,0.11881188118811879,20.0,51,18
2133-015_CF2,2133-015,0.642746913580247,0.386498634532333,0.7012573481384716,0.5876288659793815,0.3333333333333333,0.8857142857142857,0.4952919024187066,0.4485148514851485,2.5,54,11
2133-022_Bar1,2133-022,0.4120370370370372,0.37040770091141495,0.5095525800130634,0.4742268041237113,0.4444444444444444,0.8857142857142857,0.7093342362824971,0.30099009900990104,18.0,48,9
2133-002_Bar2,2133-002,0.33603395061728386,0.2708507509351121,0.44546048334421945,0.23711340206185566,0.8055555555555556,0.8857142857142857,0.331573815201953,0.4277227722772277,18.0,48,9
2133-040_Bar2,2133-040,0.3250385802469136,0.14339157402447109,0.43639777922926193,0.25773195876288657,0.25,0.8857142857142857,0.6641503530187846,0.3297029702970297,18.0,48,9
2133-013_Bar2,2133-013,0.2880015432098764,0.053515311833714475,0.40504572175048986,0.14948453608247422,0.4444444444444444,0.8857142857142857,0.4062483240002702,0.30594059405940593,18.0,48,9
2133-008_Bar1,2133-008,0.263695987654321,0.25066759872634065,0.38569562377531025,0.27835051546391754,0.3611111111111111,0.8857142857142857,0.5542844559183527,0.29207920792079206,18.0,48,9
2133-019_CF2,2133-019,0.3414351851851852,0.30231698597955486,0.45117570215545394,0.3402061855670103,0.4722222222222222,0.8857142857142857,0.5807796700859312,0.18910891089108905,2.5,54,11
2133-015_PB1,2133-015,0.4137731481481483,0.11925847536312495,0.5091443500979752,0.29896907216494845,0.5277777777777778,0.8857142857142857,0.5050894456720716,0.3574257425742574,20.0,51,18
2133-013_PB2,2133-013,0.22260802469135801,0.07696864402648543,0.3214402351404311,0.10824742268041238,0.6666666666666666,0.8285714285714286,0.48712452286807617,0.2702970297029703,20.0,51,18
2133-001_Bar1,2133-001,0.2150848765432099,0.20882172249416214,0.3453625081645983,0.20618556701030927,0.4166666666666667,0.8857142857142857,0.6286119036762191,0.1316831683168317,18.0,48,9
2133-024_CF2,2133-024,0.06180782498184452,0.13605298468041743,0.0,0.05154639175257732,0.0,0.3142857142857143,0.6075613253662484,0.02376237623762368,2.5,54,11
2133-011_PB1,2133-011,0.2511574074074074,0.13688578752705605,0.3747550620509471,0.17525773195876287,0.3888888888888889,0.8857142857142857,0.43995616523420533,0.30495049504950494,20.0,51,18
2133-004_PB1,2133-004,0.48539211560044887,0.06372958845532048,0.25832789026779884,0.30412371134020616,0.4444444444444444,0.45714285714285713,0.4816162836303984,0.5257425742574257,20.0,51,18
2133-018_CF2,2133-018,0.8562885802469139,0.7755726714691746,0.8816949706074461,0.8865979381443299,0.4722222222222222,0.7142857142857143,0.44000478546820476,0.6702970297029703,2.5,54,11
2133-006_CF2,2133-006,0.2008101851851852,0.1990073911020477,0.3303396472893534,0.20618556701030927,0.9722222222222222,0.8857142857142857,0.6645201639679139,0.2603960396039604,2.5,54,11
2133-032_Bar1,2133-032,0.33442644032921826,0.2842569658163672,0.4266002612671457,0.3402061855670103,0.4166666666666667,0.8571428571428571,0.6420546743614243,0.22871287128712872,18.0,48,9
2133-025_PB1,2133-025,0.2185570987654321,0.12921864854826956,0.34773024167210975,0.14432989690721648,0.3888888888888889,0.8857142857142857,0.5297195915517606,0.20495049504950494,20.0,51,18
2133-019_CF1,2133-019,0.8140432098765434,0.35635423664416455,0.8410352710646636,0.7268041237113402,0.4722222222222222,0.8857142857142857,0.6381477140678536,0.7366336633663367,2.5,54,11
2133-032_PB2,2133-032,0.20273919753086403,0.17591906959923267,0.3354833442194644,0.17525773195876287,0.5,0.8857142857142857,0.6397165241725105,0.17425742574257425,20.0,51,18
2133-013_CF1,2133-013,0.4625021433470509,0.36244107007847887,0.5307805355976486,0.5,0.5277777777777778,0.8571428571428571,0.6823335360126935,0.3524752475247524,2.5,54,11
2133-032_PB1,2133-032,0.38020833333333337,0.37497993222774356,0.48448726322664926,0.36597938144329895,0.5,0.8571428571428571,0.47502547296968123,0.28613861386138617,20.0,51,18
2133-017_PB1,2133-017,0.45505401234567905,0.49265806885151336,0.549069235793599,0.4175257731958763,0.6666666666666666,0.7428571428571429,0.28568418670386453,0.410891089108911,20.0,51,18
2133-040_CF2,2133-040,0.28703703703703726,0.13771407643739972,0.4048824297844546,0.19072164948453607,0.6388888888888888,0.8857142857142857,0.32964229059348427,0.31287128712871287,2.5,54,11
2133-002_PB2,2133-002,0.2656250000000002,0.24731400616156046,0.3862671456564337,0.19072164948453607,0.8611111111111112,0.8857142857142857,0.39669638754879866,0.39999999999999997,20.0,51,18
2133-040_CF1,2133-040,0.18827160493827172,0.10951942321235131,0.32315480078380143,0.14432989690721648,0.2777777777777778,0.8857142857142857,0.7434338976253891,0.19405940594059407,2.5,54,11
2133-017_Bar2,2133-017,0.6502539866255145,0.47951135915485127,0.6829686479425212,0.6082474226804123,0.3611111111111111,0.7142857142857143,0.3101564537364812,0.6861386138613861,18.0,48,9
2133-024_Bar2,2133-024,0.41636596768336975,0.5215351592355614,0.4592586544741999,0.4742268041237113,0.4166666666666667,0.5428571428571428,0.5068734141614986,0.14653465346534653,18.0,48,9
2133-018_CF1,2133-018,1.0,1.0,1.0,1.0,0.5833333333333334,0.6571428571428571,0.3642457289347434,1.0,2.5,54,11
2133-028_PB2,2133-028,0.0,0.08854331750487751,0.1668027433050294,0.0,0.19444444444444445,0.8857142857142857,0.5568512718785513,0.014851485148514825,20.0,51,18
2133-013_Bar1,2133-013,0.27584876543209863,0.12204620932375744,0.39541149575440887,0.20618556701030927,0.4722222222222222,0.8857142857142857,0.6360560072609305,0.2891089108910891,18.0,48,9
2133-039_CF2,2133-039,0.3449074074074073,0.12745917691064096,0.4516655780535598,0.22164948453608246,0.4444444444444444,0.8857142857142857,0.31442338224177135,0.3762376237623763,2.5,54,11
2133-018_Bar2,2133-018,0.47241512345679015,0.3952345896567434,0.5571521881123449,0.520618556701031,0.6388888888888888,0.6285714285714286,0.5885791058176798,0.46732673267326735,18.0,48,9
2133-021_CF2,2133-021,0.5912422839506174,0.4741021412525713,0.6586381450032658,0.5824742268041238,0.75,0.8571428571428571,0.5153607896239966,0.4554455445544554,2.5,54,11
2133-024_Bar1,2133-024,0.16898148148148143,0.14964193061127495,0.30756041802743306,0.10824742268041238,0.4444444444444444,0.8857142857142857,0.5255902459991961,0.1415841584158416,18.0,48,9
2133-019_Bar2,2133-019,0.3157793209876543,0.18114047139499248,0.42921293272371,0.28865979381443296,0.5277777777777778,0.8857142857142857,0.5836140605025524,0.28217821782178215,18.0,48,9
2133-020_Bar1,2133-020,0.1412037037037037,0.23446487846004122,0.28225016329196606,0.211340206185567,0.4444444444444444,0.8857142857142857,0.7474933605250874,0.08217821782178221,18.0,48,9
2133-011_Bar1,2133-011,0.27102623456790137,0.15192582233043433,0.3905943827563684,0.22164948453608246,0.5833333333333334,0.8857142857142857,0.5991420909577133,0.30297029702970296,18.0,48,9
2133-004_CF2,2133-004,0.8555169753086423,0.689424891410116,0.8776126714565643,0.8762886597938144,0.5833333333333334,0.6571428571428571,0.5157348474141196,0.7871287128712872,2.5,54,11
2133-028_Bar1,2133-028,0.13946759259259248,0.08356539097172737,0.28249510124101895,0.09278350515463918,0.4166666666666667,0.8857142857142857,0.6816104995984048,0.1366336633663366,18.0,48,9
2133-017_Bar1,2133-017,0.34354638203017834,0.22778641423135734,0.4341933376877858,0.25257731958762886,0.6666666666666666,0.8571428571428571,0.40614486524570403,0.3910891089108911,18.0,48,9
2133-030_PB1,2133-030,0.15933641975308635,0.043681174236148174,0.2989059438275637,0.05154639175257732,0.3611111111111111,0.8857142857142857,0.33481477626489936,0.1752475247524752,20.0,51,18
2133-008_CF1,2133-008,0.17476851851851846,0.3019179270350173,0.3118060091443501,0.28350515463917525,0.19444444444444445,0.4,0.7508179370524998,0.14554455445544556,2.5,54,11
2133-039_PB1,2133-039,0.2665895061728394,0.09445048803623993,0.3870019595035924,0.16494845360824742,0.4166666666666667,0.8857142857142857,0.5000047068587908,0.3039603960396039,20.0,51,18
2133-033_PB1,2133-033,0.3157793209876543,0.09445048803623993,0.42798824297844545,0.17010309278350516,1.0,0.8857142857142857,0.0,0.3504950495049505,20.0,51,18
2133-033_Bar2,2133-033,0.17361111111111105,0.25725130604409624,0.31139777922926193,0.2422680412371134,0.3888888888888889,0.8857142857142857,0.8079195462019488,0.1396039603960396,18.0,48,9
2133-021_PB1,2133-021,0.513695987654321,0.2743696942103692,0.5924232527759634,0.4072164948453608,0.5277777777777778,0.8857142857142857,0.4626258788864661,0.4168316831683168,20.0,51,18
2133-021_PB2,2133-021,0.44598765432098764,0.22882573157467048,0.5364141084258655,0.3917525773195876,0.6111111111111112,0.8857142857142857,0.5545018350690956,0.4277227722772277,20.0,51,18
2133-037_CF1,2133-037,0.2648533950617284,0.4077016234741028,0.3879817112998041,0.3711340206185567,0.4166666666666667,0.5714285714285714,0.6445274766503184,0.12772277227722775,2.5,54,11
2133-002_CF2,2133-002,0.5511188271604941,0.5141640983628049,0.6234487263226649,0.5257731958762887,0.4444444444444444,0.6571428571428571,0.34837783118623844,0.6445544554455445,2.5,54,11
2133-026_CF1,2133-026,0.12538580246913572,0.15192582233043433,0.2709013716525147,0.1134020618556701,0.5277777777777778,0.8857142857142857,0.6632997622589742,0.1158415841584158,2.5,54,11
2133-010_Bar2,2133-010,0.37287808641975306,0.18622705907023746,0.47722077073807967,0.28865979381443296,0.4444444444444444,0.8857142857142857,0.4533853969320494,0.3326732673267327,18.0,48,9
2133-032_CF2,2133-032,0.2241512345679011,0.2645864010366014,0.35287393860222077,0.21649484536082475,0.5,0.8857142857142857,0.5036013625922823,0.0851485148514851,2.5,54,11
2133-028_CF2,2133-028,0.21161265432098758,0.09212637753435837,0.34225996080992815,0.0979381443298969,0.4722222222222222,0.8857142857142857,0.280893979534538,0.22970297029702968,2.5,54,11
2133-037_Bar2,2133-037,0.21343143738977055,0.10005720467450892,0.1128347485303723,0.13402061855670103,0.5277777777777778,0.42857142857142855,0.7075779817911076,0.2930693069306931,18.0,48,9
2133-001_CF1,2133-001,0.2156635802469136,0.1600466808776159,0.34642390594382755,0.19072164948453607,0.3888888888888889,0.8857142857142857,0.6252197123726312,0.14851485148514854,2.5,54,11
2133-002_CF1,2133-002,0.39469735939643363,0.2686293143230699,0.4758327890267799,0.31958762886597936,0.4444444444444444,0.8571428571428571,0.3210801289298902,0.4504950495049505,2.5,54,11
2133-030_CF2,2133-030,0.3323754789272032,0.3995336892266702,0.30723383409536253,0.3556701030927835,0.5277777777777778,0.6571428571428571,0.5154690587501186,0.39009900990099017,2.5,54,11
2133-006_CF1,2133-006,0.2671682098765432,0.33602575886906194,0.39083932070542127,0.3711340206185567,0.3333333333333333,0.8571428571428571,0.7301790098271213,0.17623762376237626,2.5,54,11
2133-022_CF2,2133-022,0.34182098765432106,0.33746526653726,0.4503592423252776,0.3917525773195876,0.4166666666666667,0.8857142857142857,0.685809527862229,0.3247524752475247,2.5,54,11
2133-011_Bar2,2133-011,0.3072916666666668,0.22464152361897582,0.42227302416721096,0.30412371134020616,0.4722222222222222,0.8857142857142857,0.6015711947323888,0.3188118811881188,18.0,48,9
2133-033_CF1,2133-033,0.2467206790123455,0.3113610785751212,0.37238732854343565,0.33505154639175255,0.4166666666666667,0.6571428571428571,0.5971440199117477,0.2732673267326733,2.5,54,11
2133-021_Bar1,2133-021,0.5266203703703703,0.6541759675671609,0.6040986283474853,0.7319587628865979,0.5277777777777778,0.5142857142857142,0.5504075869856401,0.5633663366336634,18.0,48,9
2133-012_Bar2,2133-012,0.29320987654320974,0.28256096714284246,0.4088014369693011,0.29381443298969073,0.4166666666666667,0.8857142857142857,0.5845711670747848,0.2475247524752475,18.0,48,9
2133-036_Bar2,2133-036,0.4646990740740741,0.32354358159147273,0.5538863487916394,0.44329896907216493,0.6388888888888888,0.8857142857142857,0.5576624454363438,0.38316831683168323,18.0,48,9
2133-012_PB1,2133-012,0.23476080246913583,0.12745917691064096,0.3607119529719138,0.18041237113402062,0.8611111111111112,0.8857142857142857,0.6406841994487795,0.3138613861386139,20.0,51,18
2133-030_CF1,2133-030,0.22001262626262627,0.2209197136899474,0.2904964075767472,0.2268041237113402,0.19444444444444445,0.7714285714285715,0.6814629341030889,0.14257425742574256,2.5,54,11
2133-008_Bar2,2133-008,0.2739969135802469,0.2795695479909646,0.3629163945133899,0.30412371134020616,0.4722222222222222,0.6571428571428571,0.6209983550107616,0.2108910891089109,18.0,48,9
2133-039_PB2,2133-039,0.35435956790123446,0.20193985662044034,0.45484977139124755,0.4072164948453608,1.0,0.8857142857142857,1.0,0.503960396039604,20.0,51,18
2133-035_CF2,2133-035,0.17708333333333334,0.16572487940726527,0.3127041149575441,0.14432989690721648,0.6388888888888888,0.8857142857142857,0.5516739423589087,0.25742574257425743,2.5,54,11
2133-040_Bar1,2133-040,0.24170524691358025,0.0796619855691506,0.3669170476812541,0.15463917525773196,0.3333333333333333,0.8857142857142857,0.5396895344887729,0.26237623762376233,18.0,48,9
2133-030_Bar2,2133-030,0.14429012345679013,0.19362556875278,0.28396472893533636,0.12371134020618557,1.0,0.14285714285714285,0.24644016114688375,0.2554455445544554,18.0,48,9
2133-019_Bar1,2133-019,0.3364197530864198,0.24731400616156046,0.44578706727629,0.31958762886597936,0.4444444444444444,0.8857142857142857,0.5931197229983004,0.2188118811881188,18.0,48,9
2133-004_Bar1,2133-004,0.6286651234567903,0.48890088517246433,0.6899902024820379,0.6443298969072165,0.4722222222222222,0.8857142857142857,0.5740524514689002,0.3871287128712871,18.0,48,9
2133-004_PB2,2133-004,0.4936342592592591,0.15492352741373774,0.5741345525800131,0.34536082474226804,0.7222222222222222,0.8857142857142857,0.4460272711669658,0.4594059405940595,20.0,51,18
2133-037_PB2,2133-037,0.22337962962962954,0.06212008950272026,0.3513226649248857,0.11855670103092783,0.4444444444444444,0.8857142857142857,0.6019727109214158,0.21782178217821785,20.0,51,18
2133-041_Bar2,2133-041,0.16647376543209869,0.2444051168381028,0.3053559764859569,0.21649484536082475,0.3333333333333333,0.8857142857142857,0.6831327303618352,0.16534653465346538,18.0,48,9
2133-032_Bar2,2133-032,0.14390432098765427,0.15268024509544084,0.28551600261267146,0.14432989690721648,0.3611111111111111,0.8857142857142857,0.6976357516021161,0.12277227722772274,18.0,48,9
2133-018_PB1,2133-018,0.6869212962962965,0.5873986831023723,0.7369366427171783,0.6443298969072165,0.6111111111111112,0.8857142857142857,0.4093041419177736,0.7821782178217822,20.0,51,18
2133-035_CF1,2133-035,0.4489638447971782,0.2892884228672962,0.22134225996080992,0.41237113402061853,0.4722222222222222,0.42857142857142855,0.6199948899931085,0.6297029702970297,2.5,54,11
2133-028_PB1,2133-028,0.04552469135802486,0.07559225621608869,0.20484977139124755,0.015463917525773196,0.3611111111111111,0.8857142857142857,0.5188921777008768,0.10792079207920792,20.0,51,18
2133-017_CF2,2133-017,0.4664351851851851,0.33782422819775576,0.5513553233180928,0.39690721649484534,0.6666666666666666,0.8857142857142857,0.44771759231589864,0.5910891089108912,2.5,54,11
2133-008_CF2,2133-008,0.11593364197530856,0.21876646799001684,0.262328543435663,0.15463917525773196,0.3611111111111111,0.8857142857142857,0.5992960679475816,0.09702970297029703,2.5,54,11
2133-013_PB1,2133-013,0.29320987654320974,0.053515311833714475,0.4088014369693011,0.15463917525773196,0.8333333333333334,0.8857142857142857,0.4297047594223542,0.33069306930693065,20.0,51,18
2133-039_Bar2,2133-039,0.38811728395061745,0.3338553898315135,0.4879163945133899,0.3402061855670103,0.7777777777777778,0.8857142857142857,0.3796738470269898,0.4940594059405941,18.0,48,9
2133-009_CF1,2133-009,0.4668209876543209,0.42989012420126516,0.5540496407576747,0.4639175257731959,0.5,0.6571428571428571,0.4848752361245519,0.4772277227722772,2.5,54,11
2133-035_PB1,2133-035,0.22916666666666666,0.15859826877366906,0.3580992815153494,0.16494845360824742,0.3055555555555556,0.8857142857142857,0.4951183391397902,0.19207920792079206,20.0,51,18
2133-012_CF2,2133-012,0.1894290123456789,0.1600466808776159,0.3239712606139778,0.19072164948453607,0.3611111111111111,0.8857142857142857,0.8030641038321015,0.1623762376237624,2.5,54,11
2133-006_Bar1,2133-006,0.1155478395061728,0.10005720467450892,0.2624101894186806,0.07216494845360824,0.4166666666666667,0.8857142857142857,0.633427907711848,0.11782178217821783,18.0,48,9
2133-025_CF1,2133-025,0.31500771604938277,0.5940932689398359,0.43100914435009796,0.5103092783505154,0.4722222222222222,0.37142857142857144,0.6051980915463243,0.03366336633663369,2.5,54,11
2133-026_CF2,2133-026,0.25752314814814803,0.33746526653726,0.3825930764206401,0.30412371134020616,0.5277777777777778,0.6857142857142857,0.5467546861205955,0.15346534653465344,2.5,54,11
2133-041_PB1,2133-041,0.570216049382716,0.24827651907374892,0.6385532331809275,0.4948453608247423,0.4166666666666667,0.8857142857142857,0.6227511589239535,0.45247524752475254,20.0,51,18
2133-009_CF2,2133-009,0.23553240740740727,0.21162775025325084,0.36177335075114303,0.23195876288659795,0.4166666666666667,0.8857142857142857,0.571971128752885,0.21683168316831677,2.5,54,11
2133-015_CF1,2133-015,0.638888888888889,0.529039432449456,0.6991345525800131,0.6391752577319587,0.5555555555555556,0.8857142857142857,0.5410429345931546,0.3782178217821782,2.5,54,11
2133-010_PB1,2133-010,0.2814429012345679,0.16219721784139782,0.39761593729588507,0.24742268041237114,1.0,0.8857142857142857,0.6451947194889455,0.35148514851485146,20.0,51,18
2133-035_Bar1,2133-035,0.30478395061728386,0.15640282709107678,0.41859895493141736,0.211340206185567,0.8055555555555556,0.8857142857142857,0.4932936547292528,0.39504950495049507,18.0,48,9
2133-009_PB1,2133-009,0.2556437389770723,0.11831636721302523,0.34642390594382755,0.15463917525773196,0.6111111111111112,0.8285714285714286,0.4076603654074186,0.2831683168316831,20.0,51,18
2133-009_PB2,2133-009,0.17901234567901228,0.13352673591511813,0.3139288047028086,0.10309278350515463,0.5,0.8857142857142857,0.3857067982142313,0.2425742574257426,20.0,51,18
2133-008_PB1,2133-008,0.18769290123456792,0.11641203294539823,0.32086871325930766,0.15463917525773196,1.0,0.8857142857142857,0.7122513974121085,0.31089108910891083,20.0,51,18
2133-018_Bar1,2133-018,0.6962502143347052,0.46705842504697137,0.7192194644023514,0.6288659793814433,0.5833333333333334,0.8571428571428571,0.4074001928639616,0.6554455445544555,18.0,48,9
2133-017_CF1,2133-017,0.5118804466230935,0.35839417867476636,0.5263716525146963,0.3865979381443299,0.3888888888888889,0.8,0.3199042703637658,0.6198019801980198,2.5,54,11
2133-022_CF1,2133-022,0.3574459876543209,0.37302698581001487,0.46391247550620507,0.38144329896907214,0.4722222222222222,0.8857142857142857,0.5557954210395186,0.3089108910891089,2.5,54,11
2133-006_Bar2,2133-006,0.09066358024691355,0.17325433648232424,0.24224363161332463,0.12371134020618557,0.4722222222222222,0.8857142857142857,0.8052596297780049,0.10396039603960397,18.0,48,9
2133-024_CF1,2133-024,0.33834876543209863,0.3986162068709302,0.4494611365120836,0.41237113402061853,0.5,0.7714285714285715,0.6236325395192823,0.18217821782178215,2.5,54,11
2133-037_Bar1,2133-037,0.24807098765432095,0.20938572368109504,0.37214239059438275,0.23195876288659795,0.5,0.8857142857142857,0.6413858119792303,0.18514851485148512,18.0,48,9
2133-015_PB2,2133-015,0.47067901234567905,0.20193985662044034,0.5572338340953625,0.4175257731958763,0.4166666666666667,0.8857142857142857,0.5148423404607002,0.3524752475247524,20.0,51,18
2133-025_Bar1,2133-025,0.1903935185185185,0.30271554516277227,0.3239712606139778,0.25773195876288657,0.3888888888888889,0.4857142857142857,0.6021227890727116,0.1594059405940594,18.0,48,9
2133-001_PB1,2133-001,0.16608796296296294,0.043681174236148174,0.30421293272371,0.08247422680412371,0.3055555555555556,0.8857142857142857,0.5659386994588372,0.15643564356435644,20.0,51,18
2133-035_PB2,2133-035,0.26890432098765443,0.03186479422766024,0.38838994121489223,0.12886597938144329,0.5555555555555556,0.8857142857142857,0.4440069229174791,0.26732673267326734,20.0,51,18
2133-036_PB2,2133-036,0.3976712534293553,0.1868539116016025,0.47811887655127366,0.30412371134020616,0.5555555555555556,0.8571428571428571,0.5412068080938833,0.3485148514851486,20.0,51,18
2133-006_PB2,2133-006,0.13831018518518529,0.10435456325257285,0.28037230568256044,0.07731958762886598,0.3611111111111111,0.8857142857142857,0.48394807810727525,0.1831683168316832,20.0,51,18
2133-025_PB2,2133-025,0.32175925925925913,0.3113610785751212,0.4351730894839974,0.31443298969072164,0.4166666666666667,0.8857142857142857,0.5644614973910178,0.22475247524752479,20.0,51,18
2133-036_CF2,2133-036,0.5200617283950618,0.42473593339277493,0.6025473546701502,0.4948453608247423,0.4722222222222222,0.8571428571428571,0.46511000612071834,0.3683168316831683,2.5,54,11
2133-001_CF2,2133-001,0.41878858024691373,0.26996424758364784,0.5124918354016982,0.4742268041237113,0.3611111111111111,0.8857142857142857,0.6493863581216284,0.30297029702970296,2.5,54,11
2133-009_Bar2,2133-009,0.5570987654320989,0.40590019495646074,0.6302253429131287,0.5051546391752577,0.3888888888888889,0.8857142857142857,0.36827047103658916,0.5574257425742575,18.0,48,9
2133-004_CF1,2133-004,0.8389274691358026,0.5642344188565677,0.8610385369039844,0.7628865979381443,0.6111111111111112,0.8857142857142857,0.4298994661406419,0.9821782178217823,2.5,54,11
2133-036_CF1,2133-036,0.4556933421516757,0.41952073987246874,0.5088994121489223,0.4020618556701031,0.4722222222222222,0.7428571428571429,0.3804361862482624,0.23861386138613863,2.5,54,11
2133-041_CF2,2133-041,0.5430169753086421,0.4267474719292832,0.6173252775963423,0.5670103092783505,0.4444444444444444,0.7714285714285715,0.5516024599763958,0.3227722772277228,2.5,54,11
2133-033_CF2,2133-033,0.19367283950617287,0.2614011695008389,0.3292782495101241,0.23195876288659795,0.4166666666666667,0.8857142857142857,0.6578434112461623,0.11782178217821783,2.5,54,11
2133-030_PB2,2133-030,0.23823302469135815,0.02309384619444507,0.3632429784454605,0.10309278350515463,0.1111111111111111,0.8857142857142857,0.4287674713473479,0.23663366336633662,20.0,51,18
2133-037_PB1,2133-037,0.31539351851851855,0.14339157402447109,0.42733507511430435,0.23711340206185566,0.3888888888888889,0.8857142857142857,0.48554851566910856,0.2910891089108911,20.0,51,18
2133-011_CF2,2133-011,0.32253086419753085,0.34492848398537873,0.4350097975179621,0.37628865979381443,0.3888888888888889,0.6571428571428571,0.6677809347382686,0.21584158415841584,2.5,54,11
2133-012_CF1,2133-012,0.2390239197530864,0.15192582233043433,0.2599608099281515,0.20103092783505155,0.3888888888888889,0.6857142857142857,0.7093343930785311,0.22079207920792093,2.5,54,11
2133-036_Bar1,2133-036,0.3960262345679012,0.2645864010366014,0.49624428478118876,0.31958762886597936,0.5833333333333334,0.8857142857142857,0.45166889925474185,0.3772277227722773,18.0,48,9
2133-013_CF2,2133-013,0.2328317901234568,0.27784648989057326,0.3612018288700196,0.23195876288659795,0.5277777777777778,0.7428571428571429,0.38337066311708506,0.03564356435643562,2.5,54,11
2133-040_PB1,2133-040,0.24575617283950615,0.08356539097172737,0.36969301110385366,0.15463917525773196,0.3611111111111111,0.8857142857142857,0.5497438128064669,0.2762376237623762,20.0,51,18
2133-021_Bar2,2133-021,0.5802469135802469,0.47020156551898196,0.6475342913128674,0.5670103092783505,0.5833333333333334,0.8857142857142857,0.5068569460387485,0.4405940594059406,18.0,48,9
2133-010_Bar1,2133-010,0.2357253086419754,0.20252162602386145,0.3610385369039843,0.23195876288659795,0.4166666666666667,0.8857142857142857,0.6231113503761223,0.22574257425742575,18.0,48,9
2133-028_Bar2,2133-028,0.15027006172839508,0.21384790182604574,0.29270084911822336,0.15463917525773196,0.5,0.8857142857142857,0.6356095916709787,0.06732673267326729,18.0,48,9
2133-020_Bar2,2133-020,0.1579861111111111,0.24489218464269388,0.29784454604833444,0.211340206185567,0.5277777777777778,0.7142857142857143,0.633599068774142,0.12772277227722775,18.0,48,9
2133-024_PB1,2133-024,0.22241512345679007,0.20655142065634516,0.35222077073807967,0.1958762886597938,0.5277777777777778,0.8857142857142857,0.52001071729318,0.200990099009901,20.0,51,18
2133-026_PB1,2133-026,0.2716049382716051,0.15040671217623816,0.3918190725016329,0.22164948453608246,0.3611111111111111,0.8857142857142857,0.5941830444689846,0.31089108910891083,20.0,51,18
2133-035_Bar2,2133-035,0.1780478395061728,0.0,0.3136838667537557,0.05154639175257732,0.4722222222222222,0.8857142857142857,0.510084162936925,0.20198019801980197,18.0,48,9
2133-026_Bar1,2133-026,0.12654320987654322,0.10747942026022424,0.27220770738079686,0.08762886597938144,0.3611111111111111,0.8857142857142857,0.5650788873739899,0.1445544554455446,18.0,48,9
2133-020_PB2,2133-020,0.09239969135802466,0.10329474558612647,0.2437949052906597,0.06701030927835051,0.4722222222222222,0.8857142857142857,0.6263905760618651,0.09009900990099011,20.0,51,18
2133-012_PB2,2133-012,0.3769290123456792,0.28298586894406635,0.48081319399085565,0.34536082474226804,0.4444444444444444,0.8,0.29373767289404795,0.39009900990099017,20.0,51,18
2133-033_Bar1,2133-033,0.22934885116598078,0.19543473583623308,0.3417700849118223,0.26804123711340205,0.3333333333333333,0.8571428571428571,0.6084675002439841,0.20990099009900987,18.0,48,9
2133-037_CF2,2133-037,0.15007716049382713,0.3759527557876716,0.2935173089483997,0.28865979381443296,0.4722222222222222,0.34285714285714286,0.7237117552607969,0.07623762376237624,2.5,54,11
2133-008_PB2,2133-008,0.18036265432098764,0.1705515299619669,0.31539843239712606,0.14948453608247422,0.4722222222222222,0.8857142857142857,0.42112324223504016,0.16138613861386134,20.0,51,18
2133-019_PB1,2133-019,0.3611111111111111,0.2458636017174187,0.4625244937949053,0.38144329896907214,0.8333333333333334,0.8857142857142857,0.6748155368572687,0.5712871287128714,20.0,51,18
2133-009_Bar1,2133-009,0.29783950617283966,0.2209197136899474,0.4127204441541476,0.30927835051546393,0.3888888888888889,0.8857142857142857,0.6805144654567876,0.2524752475247525,18.0,48,9
2133-001_PB2,2133-001,0.15837191358024688,0.09329461445501566,0.29808948399738733,0.0979381443298969,0.5,0.8857142857142857,0.6131373326634835,0.1514851485148515,20.0,51,18
2133-010_PB2,2133-010,0.2453703703703705,0.043681174236148174,0.3683050293925539,0.12886597938144329,1.0,0.8857142857142857,0.5262348545726072,0.2811881188118812,20.0,51,18
2133-024_PB2,2133-024,0.48496700723712205,0.6801875633142714,0.3964728935336381,0.7525773195876289,0.1388888888888889,0.0,0.702496071400059,0.4801980198019803,20.0,51,18
2133-015_Bar1,2133-015,0.15991512345678996,0.3155993106974662,0.2973546701502286,0.14432989690721648,0.1388888888888889,0.6285714285714286,0.29860101290753527,0.0,18.0,48,9
2133-030_Bar1,2133-030,0.37172067901234557,0.14418621222646805,0.4750163291966035,0.31958762886597936,0.3888888888888889,0.8857142857142857,0.7838041805761754,0.3297029702970297,18.0,48,9
2133-020_CF2,2133-020,0.21903935185185183,0.2659404819454026,0.07290986283474853,0.26804123711340205,0.4444444444444444,0.08571428571428572,0.5802801284643846,0.24851485148514846,2.5,54,11
2133-040_PB2,2133-040,0.15200617283950618,0.06212008950272026,0.29245591116917047,0.06701030927835051,0.4722222222222222,0.8857142857142857,0.5246199267764922,0.196039603960396,20.0,51,18
2133-026_PB2,2133-026,0.1309799382716049,0.16642222276418256,0.2769431743958197,0.0979381443298969,0.4444444444444444,0.8857142857142857,0.4030776326122877,0.13564356435643563,20.0,51,18
2133-033_PB2,2133-033,0.14062499999999997,0.11447989376443189,0.2829033311561071,0.10824742268041238,0.3611111111111111,0.8857142857142857,0.5877292491863163,0.1881188118811881,20.0,51,18
2133-015_Bar2,2133-015,0.6153850790895062,0.2453783445832124,0.5597648595689092,0.4690721649484536,0.5555555555555556,0.7428571428571429,0.4420299057716931,0.5891089108910891,18.0,48,9
2133-025_Bar2,2133-025,0.27874228395061745,0.32129288730471184,0.3985956890920967,0.3402061855670103,0.4444444444444444,0.8857142857142857,0.7239543357984844,0.19801980198019803,18.0,48,9
2133-041_CF1,2133-041,0.49239969135802475,0.2838338657288137,0.22485303723056826,0.4072164948453608,0.2777777777777778,0.37142857142857144,0.3664131800367887,0.4425742574257425,2.5,54,11
2133-025_CF2,2133-025,0.32523148148148134,0.4553542651933951,0.43941868060091444,0.4020618556701031,0.5,0.6,0.5952831893712845,0.17029702970297028,2.5,54,11
2133-021_CF1,2133-021,0.7351466049382717,0.5890792743249876,0.7765349444807316,0.7628865979381443,0.5833333333333334,0.6,0.5065884725522328,0.7435643564356437,2.5,54,11
2133-006_PB1,2133-006,0.08429783950617294,0.13437353664647633,0.23546701502286088,0.061855670103092786,0.9444444444444444,0.8857142857142857,0.5675397746355896,0.20792079207920794,20.0,51,18
2133-019_PB2,2133-019,0.4976851851851854,0.0989577523561078,0.5774820378837361,0.33505154639175255,0.3611111111111111,0.8857142857142857,0.46039557109706514,0.4643564356435644,20.0,51,18
2133-011_CF1,2133-011,0.27025462962962965,0.12019406349862065,0.3910842586544742,0.211340206185567,0.3333333333333333,0.8857142857142857,0.7213711988544209,0.2475247524752475,2.5,54,11
2133-001_Bar2,2133-001,0.3040782143932551,0.1817834514671283,0.4846505551926845,0.2268041237113402,0.7222222222222222,1.0,0.4816714331539463,0.26930693069306927,18.0,48,9
2133-032_CF1,2133-032,0.23206018518518517,0.2627707263071165,0.36005878510777267,0.25773195876288657,0.4444444444444444,0.8857142857142857,0.6409435110634527,0.12178217821782178,2.5,54,11
2133-022_Bar2,2133-022,0.24749228395061737,0.2082563024295922,0.3724689745264533,0.25257731958762886,0.3333333333333333,0.8857142857142857,0.7063735635536207,0.1623762376237624,18.0,48,9
2133-036_PB1,2133-036,0.3695987654320988,0.3239172481643664,0.47003592423252777,0.3711340206185567,0.9166666666666666,0.8857142857142857,0.6419159138519327,0.6316831683168318,20.0,51,18
2133-039_CF1,2133-039,0.468557098765432,0.44390429607342285,0.5564173742651861,0.5360824742268041,0.5,0.6571428571428571,0.6190952056541936,0.2831683168316831,2.5,54,11
2133-011_PB2,2133-011,0.263888888888889,0.0989577523561078,0.3843892880470281,0.15979381443298968,0.75,0.8857142857142857,0.44784680991853104,0.26732673267326734,20.0,51,18
